tof_mean,tof_std,aoa_peak,corr_eigen_ratio,num_peaks,std_amp,median_amp,skew_amp,kurtosis_amp,label,source_file
0.0,0.0,44.0,0.950904976142215,1,1420766242.6485014,5191591338.095862,-0.31671815442476114,-1.2084684846416154,no_person,ilive-2-empty-room-20s-106.dat
0.0,0.0,49.0,0.9814758744464482,1,2396797737.3804045,8727613535.971764,-0.4771979467080113,-1.049694268731598,no_person,ilive-2-empty-room-20s-106.dat
0.0,0.0,45.0,0.965383933477472,2,3808231884.2284436,11975513649.687458,-0.42588314164275337,-1.2341211563922072,no_person,ilive-2-empty-room-20s-106.dat
0.0,0.0,46.0,0.9500015662075513,2,3288416738.883396,8090200070.554886,-0.27103788755509467,-1.381386566122044,no_person,ilive-2-empty-room-20s-106.dat
0.0,0.0,45.0,0.9274882657705502,2,1402756951.6790411,5067410400.098263,-0.36000857418693544,-1.3358173349968434,no_person,ilive-2-empty-room-20s-106.dat
6.111111111111111,17.284832429004496,41.0,0.8503639507614336,2,1793069530.9833536,5673650899.767944,-0.5445747687361978,-1.0230156466102545,no_person,ilive-2-empty-room-20s-106.dat
0.0,0.0,46.0,0.9081802054055127,2,4546063435.81346,14033981559.598673,-0.3884218177834665,-1.2918022897964192,no_person,ilive-2-empty-room-20s-106.dat
0.0,0.0,45.0,0.9137999276300832,3,2985664751.553306,10726314634.210491,-0.712692598035079,-0.7932823866189151,no_person,ilive-2-empty-room-20s-106.dat
0.0,0.0,42.0,0.9079212093948725,1,1779980005.4389315,8186141237.961361,-0.4226590723632331,-1.0807501438490368,no_person,ilive-2-empty-room-20s-106.dat
0.0,0.0,42.0,0.8333849722121652,1,3015561515.786413,12364892228.386585,-0.48444655318751934,-0.9873008816319575,no_person,ilive-2-empty-room-20s-106.dat
0.0,0.0,45.0,0.9429950040679141,1,2345244884.863973,8271194413.144182,-0.6015164071873738,-0.8851358116883223,no_person,ilive-2-empty-room-20s-106.dat
0.0,0.0,45.0,0.9396748110626322,4,1582374358.4079094,5270592907.976355,-0.35566523288459,-1.2274496743596686,no_person,ilive-2-empty-room-20s-106.dat
0.0,0.0,44.0,0.9124529830024982,1,2954468991.5020432,10130223611.596943,-0.384639756869045,-1.2458191875553812,no_person,ilive-2-empty-room-20s-106.dat
0.0,0.0,47.0,0.9525765972564247,1,3655524346.200732,13369139063.38241,-0.42401741116505876,-1.0963421558099085,no_person,ilive-2-empty-room-20s-106.dat
0.0,0.0,44.0,0.8965323685710161,3,2492446429.655379,8345972964.360331,-0.3831931601578165,-1.2623512217860975,no_person,ilive-2-empty-room-20s-106.dat
0.0,0.0,44.0,0.9712985959026748,1,2703192225.514978,8422458038.277366,-0.5226970303969204,-1.0135431684721774,no_person,ilive-2-empty-room-20s-106.dat
0.0,0.0,45.0,0.9644370834115876,1,1386017750.801224,4734330793.828392,-0.3862322111018709,-1.1870539827176005,no_person,ilive-2-empty-room-20s-106.dat
0.0,0.0,50.0,0.942333968381562,2,2684920209.6443768,8246805181.693468,-0.49907530114367854,-1.1152466689215974,no_person,ilive-2-empty-room-20s-106.dat
0.0,0.0,47.0,0.9524981696079351,2,2769938448.8734965,10298809400.79358,-0.4826095202941425,-1.0587583314946725,no_person,ilive-2-empty-room-20s-106.dat
0.0,0.0,42.0,0.9505716233847162,2,1587885279.5365539,5396575813.883365,-0.4018708693163306,-1.202744378593517,no_person,ilive-2-empty-room-20s-106.dat
0.0,0.0,47.0,0.9210512531474891,1,4062777170.290947,12239499429.286938,-0.5305743603350733,-0.9906332444197457,no_person,ilive-2-empty-room-20s-106.dat
0.0,0.0,43.0,0.9209900850704058,1,1010434408.7828615,4372821050.729317,-0.5218093356644037,-0.9278224845290808,no_person,ilive-2-empty-room-20s-106.dat
0.0,0.0,47.0,0.9063687197102479,1,2416316394.974955,8648941468.514448,-0.5047464361663921,-1.0391805346729646,no_person,ilive-2-empty-room-20s-106.dat
0.0,0.0,46.0,0.9314222381938514,2,3327716569.8649535,10832337233.472612,-0.3455658693702397,-1.2714896636086628,no_person,ilive-2-empty-room-20s-106.dat
0.0,0.0,49.0,0.9453594625749745,2,2906015776.863804,11136600612.927593,-0.42173075618377154,-1.1900757211632653,no_person,ilive-2-empty-room-20s-106.dat
0.0,0.0,47.0,0.9646335573411693,1,2786000611.886618,10823627086.734213,-0.5231192804093441,-0.9117418499651189,no_person,ilive-2-empty-room-20s-106.dat
0.0,0.0,48.0,0.8250121883741416,2,3947101308.721823,14452310303.382313,-0.5177328149678594,-1.0658010330700904,no_person,ilive-2-empty-room-20s-106.dat
0.0,0.0,45.0,0.765740308460227,3,1604215181.5040371,6516007652.807337,-0.14846157360159068,-1.5021768261536137,no_person,ilive-2-empty-room-20s-106.dat
0.0,0.0,45.0,0.86508206918993,3,749258657.34404,5620707324.573023,-0.3712146992456019,-0.9475667811291544,no_person,ilive-2-empty-room-20s-106.dat
0.0,0.0,46.0,0.9569074108689491,2,2580937536.2255845,9183268603.449463,-0.4407345367500033,-1.1445855044922575,no_person,ilive-2-empty-room-20s-106.dat
0.0,0.0,44.0,0.7615276626982436,1,2090044412.21413,7815033147.0880165,-0.557112427662132,-0.868043626263836,no_person,ilive-2-empty-room-20s-106.dat
0.0,0.0,48.0,0.9481490677851131,2,3039065051.038581,9733897509.580845,-0.6921690820023478,-0.741274681635828,no_person,ilive-2-empty-room-20s-106.dat
0.1111111111111111,0.31426968052735443,46.0,0.9663490803783786,1,2205161696.0549192,8776095715.739603,-0.5380838325090975,-0.8718080221630498,no_person,ilive-2-empty-room-20s-106.dat
0.0,0.0,47.0,0.8020242311333685,2,1759759900.8303306,6282934089.842698,-0.3296210246647266,-1.2023467072622989,no_person,ilive-2-empty-room-20s-106.dat
0.0,0.0,46.0,0.9451848345547202,1,4052425101.414434,13222174267.73593,-0.34427636095462794,-1.2979238420613688,no_person,ilive-2-empty-room-20s-106.dat
0.0,0.0,47.0,0.7559727106794292,2,3983321713.0640907,11445809730.120373,-0.45512408860254266,-1.1393377287351507,no_person,ilive-2-empty-room-20s-106.dat
0.0,0.0,46.0,0.9541405783868204,2,2257018127.2182994,7846482392.798957,-0.49367720681364974,-1.0793567071203238,no_person,ilive-2-empty-room-20s-106.dat
0.0,0.0,47.0,0.9689165314270464,1,3086691138.2645106,11190032158.963688,-0.37058716264042324,-1.2996557917365859,no_person,ilive-2-empty-room-20s-106.dat
0.0,0.0,45.0,0.8824869763366691,3,3110411319.284187,9253046981.446262,-0.36870392600674085,-1.2654092318639334,no_person,ilive-2-empty-room-20s-106.dat
0.0,0.0,49.0,0.9527937653238724,1,4041236410.1928887,13081815182.937628,-0.4166495974974263,-1.17605457277102,no_person,ilive-2-empty-room-20s-106.dat
0.0,0.0,45.0,0.9617992406732051,3,2140176001.634324,9161667952.849754,-0.5592854776415384,-0.9940531698305097,no_person,ilive-2-empty-room-20s-106.dat
0.0,0.0,47.0,0.8596226641999937,1,4846096905.296016,15226517269.439135,-0.5001197789687132,-1.0170549457867197,no_person,ilive-2-empty-room-20s-106.dat
0.0,0.0,49.0,0.7196037628716732,3,2043790627.9952514,6120942042.780189,-0.47990160743446,-1.237602719281142,no_person,ilive-2-empty-room-20s-106.dat
0.0,0.0,46.0,0.9274518854176015,3,3340061491.311064,9885213876.903667,-0.3792994267391522,-1.2899437747656715,no_person,ilive-2-empty-room-20s-106.dat
0.0,0.0,46.0,0.9477973167754927,3,2898054724.46174,10604098617.840672,-0.6579124140823059,-0.799360970148502,no_person,ilive-2-empty-room-20s-106.dat
0.0,0.0,47.0,0.8474270028914844,1,1151103970.5136793,4772663825.263865,-0.4701885754477962,-1.00537314531182,no_person,ilive-2-empty-room-20s-106.dat
0.0,0.0,47.0,0.8077961747249542,2,3461684832.966223,12066301361.837002,-0.7781244916917394,-0.6253750134423495,no_person,ilive-2-empty-room-20s-106.dat
0.0,0.0,46.0,0.9647799589326688,1,2736639978.550115,8223385977.397276,-0.4428142342766634,-1.1646677332090667,no_person,ilive-2-empty-room-20s-106.dat
0.0,0.0,47.0,0.9305260760534023,2,4570596550.403012,14141852290.882942,-0.5662370700814789,-1.0240338946642518,no_person,ilive-2-empty-room-20s-106.dat
0.0,0.0,45.0,0.8775659076058788,2,2070252593.0852697,10053884049.993603,-0.3046865472010494,-1.301685631812333,no_person,ilive-2-empty-room-20s-106.dat
0.0,0.0,44.0,0.9594556303936742,2,2702128663.3337445,8267894204.176422,-0.37497544828326934,-1.2489582506282353,no_person,ilive-2-empty-room-20s-106.dat
0.0,0.0,43.0,0.9629135705507389,2,3215943732.6127253,10200970105.206657,-0.31165364454338756,-1.2927484715685857,no_person,ilive-2-empty-room-20s-106.dat
0.1111111111111111,0.31426968052735443,45.0,0.8732161684603569,2,2681588959.4329457,9823358166.8137,-0.40794904083782163,-1.2223417771617635,no_person,ilive-2-empty-room-20s-106.dat
0.0,0.0,45.0,0.8738053837708053,2,3449610740.8404884,11734140747.204159,-0.40728211227876193,-1.1217549028623692,no_person,ilive-2-empty-room-20s-106.dat
0.0,0.0,44.0,0.9813166191884517,1,1948897623.3866909,7419602538.971915,-0.5505389873658856,-0.889256115575523,no_person,ilive-2-empty-room-20s-106.dat
0.0,0.0,49.0,0.9073880378984093,2,3756874869.9710603,13580419984.056541,-0.6759933453269608,-0.7539845030061061,no_person,ilive-2-empty-room-20s-106.dat
0.0,0.0,45.0,0.9258068510572084,1,3344776004.6217546,10656822793.444403,-0.5291286480288762,-1.0306923250307691,no_person,ilive-2-empty-room-20s-106.dat
0.0,0.0,45.0,0.810021071528435,1,2907241000.6405354,10477642246.690825,-0.44547568687618133,-1.0024772997616374,no_person,ilive-2-empty-room-20s-106.dat
0.0,0.0,45.0,0.8976450787497127,1,2953063951.9822116,12665764387.638676,-0.46433754802218324,-1.0764499668225433,no_person,ilive-2-empty-room-20s-106.dat
0.0,0.0,42.0,0.9206472547655463,2,3468875027.071907,10881673084.211079,-0.17375945929462275,-1.515552215351469,no_person,ilive-2-empty-room-20s-106.dat
0.0,0.0,46.0,0.9191506918439786,1,2877678120.695246,9430070036.352758,-0.5397545180026448,-1.0126007784132056,no_person,ilive-2-empty-room-20s-106.dat
0.0,0.0,46.0,0.888692637292034,2,4479349544.172194,13283763158.57941,-0.4016414069473555,-1.2201535980587366,no_person,ilive-2-empty-room-20s-106.dat
0.0,0.0,47.0,0.7571285792704499,3,1876166053.5263903,5933906129.145152,-0.3609154608027806,-1.206669669567726,no_person,ilive-2-empty-room-20s-106.dat
0.0,0.0,45.0,0.960581186702559,1,2552598123.0832605,8616679506.030617,-0.39584110018362884,-1.1510345562341024,no_person,ilive-2-empty-room-20s-106.dat
0.0,0.0,45.0,0.9633824560189405,2,2831091127.284561,8345682856.069906,-0.22820248971420254,-1.4288149004803847,no_person,ilive-2-empty-room-20s-106.dat
0.0,0.0,46.0,0.8827693114697577,1,3016490049.5148964,8928191801.217117,-0.24355728950140515,-1.358418156507724,no_person,ilive-2-empty-room-20s-106.dat
0.0,0.0,51.0,0.8846766516427986,1,4459184936.69255,13921144635.460976,-0.6448351975298816,-0.870026043094736,no_person,ilive-2-empty-room-20s-106.dat
0.0,0.0,46.0,0.8959657980266102,1,5140657917.617629,13193422499.091217,-0.3960790746636906,-1.1984350813623459,no_person,ilive-2-empty-room-20s-106.dat
0.0,0.0,44.0,0.8730659650199732,3,3139675357.7686996,10866472619.184061,-0.39669630191337835,-1.2167706059937986,no_person,ilive-2-empty-room-20s-106.dat
0.0,0.0,48.0,0.8434984161663743,2,2991819881.381694,10451304808.584204,-0.38662613368052684,-1.27608864743123,no_person,ilive-2-empty-room-20s-106.dat
0.0,0.0,45.0,0.8863961691286695,2,2740096667.8423715,9584407861.446566,-0.7350325722401557,-0.695933845092136,no_person,ilive-2-empty-room-20s-106.dat
0.0,0.0,47.0,0.8818032876285462,3,3278516644.177213,11423823647.616428,-0.37890431731565943,-1.253274009538389,no_person,ilive-2-empty-room-20s-106.dat
0.0,0.0,44.0,0.8283528748704295,2,3492845856.261302,12563122791.311493,-0.4344916584749278,-1.1342459041078983,no_person,ilive-2-empty-room-20s-106.dat
0.0,0.0,49.0,0.9245716939267806,1,3441180516.068447,14662708179.168737,-0.28855818333679784,-1.264878053423174,no_person,ilive-2-empty-room-20s-106.dat
0.0,0.0,47.0,0.9605028863446227,1,2786453940.2625084,9015511734.626278,-0.5300354701480269,-1.0224581449325938,no_person,ilive-2-empty-room-20s-106.dat
0.0,0.0,46.0,0.9517497063951531,3,2665211185.9783344,8131407038.335636,-0.3350739921750473,-1.2984832287426742,no_person,ilive-2-empty-room-20s-106.dat
0.0,0.0,42.0,0.8888785224290547,1,2851564262.334011,8215715801.951359,-0.4658887444794267,-1.1749418262427291,no_person,ilive-2-empty-room-20s-106.dat
0.0,0.0,43.0,0.9575786576304536,2,2907217167.933582,9460012775.727455,-0.4061366035342058,-1.219604938146262,no_person,ilive-2-empty-room-20s-106.dat
0.0,0.0,45.0,0.8078889280740816,1,3655881213.0068703,12129504403.40204,-0.6204473313278974,-0.8996559612791799,no_person,ilive-2-empty-room-20s-106.dat
0.0,0.0,44.0,0.9384893016887293,2,3302826215.84441,12839504925.248226,-0.31286674533542397,-1.2494068058951737,no_person,ilive-2-empty-room-20s-106.dat
0.0,0.0,45.0,0.9491971570578279,3,1715372229.8573108,4948190604.012678,-0.41251550331888454,-1.226948534544241,no_person,ilive-2-empty-room-20s-106.dat
0.0,0.0,47.0,0.9536458398087059,2,2371087150.042634,7033179191.156725,-0.392221825176389,-1.247868418755453,no_person,ilive-2-empty-room-20s-106.dat
0.0,0.0,46.0,0.8505142031520851,1,3085726100.1508026,11774151283.65739,-0.4545498507667628,-1.057260923394095,no_person,ilive-2-empty-room-20s-106.dat
0.0,0.0,51.0,0.8611260757228292,2,4399961506.367538,15352119699.10867,-0.6525451282279822,-0.7623161434544121,no_person,ilive-2-empty-room-20s-106.dat
0.0,0.0,44.0,0.8351668146411617,3,3721636319.8342705,10849794551.712418,-0.4199131716633597,-1.2829300540556086,no_person,ilive-2-empty-room-20s-106.dat
0.0,0.0,46.0,0.9484887468599469,2,2282210397.8942394,7190152074.105196,-0.4573017352769545,-1.168106375297638,no_person,ilive-2-empty-room-20s-106.dat
0.0,0.0,47.0,0.9608285168652263,2,3193789858.082523,9643658042.52446,-0.2680336368458983,-1.4115503675172656,no_person,ilive-2-empty-room-20s-106.dat
0.0,0.0,42.0,0.9842715973721213,2,2785910859.2517953,8459348890.076732,-0.37711027559628146,-1.2391307971801573,no_person,ilive-2-empty-room-20s-106.dat
0.0,0.0,45.0,0.9561675852450694,2,2024315657.8935246,7110871643.464157,-0.7418265139644799,-0.6667198104398326,no_person,ilive-2-empty-room-20s-106.dat
0.0,0.0,46.0,0.927743817114734,2,3314805464.5688415,10956337601.109133,-0.23521189652310073,-1.3892119357374553,no_person,ilive-2-empty-room-20s-106.dat
0.0,0.0,46.0,0.9682550549018472,1,2085658698.6574724,8162808775.954794,-0.524471392441925,-0.9000198059731499,no_person,ilive-2-empty-room-20s-106.dat
0.0,0.0,44.0,0.9064750617565036,3,3829897181.8863273,13641331192.293547,-0.27360033047529336,-1.2749890922069396,no_person,ilive-2-empty-room-20s-106.dat
0.0,0.0,47.0,0.8918113072893141,1,3045988043.8946543,11307770347.901382,-0.40640313627465247,-1.0899243198005812,no_person,ilive-2-empty-room-20s-106.dat
0.0,0.0,46.0,0.8570282527476135,1,2558943983.8299,9726200482.624191,-0.33077267915412273,-1.1925802275279624,no_person,ilive-2-empty-room-20s-106.dat
0.0,0.0,44.0,0.8157002555718702,2,3152659466.569382,10120359720.828045,-0.3587056887460767,-1.2885974720228044,no_person,ilive-2-empty-room-20s-106.dat
0.0,0.0,43.0,0.9301533686640961,1,3074595413.529053,9136626922.450417,-0.27967061708260577,-1.3341748453683755,no_person,ilive-2-empty-room-20s-106.dat
0.0,0.0,46.0,0.8261602559604121,4,1617272743.7526698,6709486356.970692,-0.4547298356105501,-1.0736832352204453,no_person,ilive-2-empty-room-20s-106.dat
0.1111111111111111,0.31426968052735443,49.0,0.9337713436901021,1,2197934947.559023,7625893298.620907,-0.6621022828806452,-0.7705602669715752,no_person,ilive-2-empty-room-20s-106.dat
0.0,0.0,45.0,0.9585872155404864,2,2874141578.7627788,8782049062.31092,-0.3113383725088403,-1.3458621672790942,no_person,ilive-2-empty-room-20s-106.dat
0.0,0.0,44.0,0.976771574961988,1,2526835979.169672,8743672399.262243,-0.47895669528025536,-1.1014512127757077,no_person,ilive-2-empty-room-20s-106.dat
0.0,0.0,48.0,0.9635064849878668,2,2269152489.14806,9964550803.081486,-0.49513429477048876,-1.0134664658693908,no_person,ilive-2-empty-room-20s-106.dat
0.0,0.0,46.0,0.9640064239172462,2,2978906882.3428273,9933893904.031921,-0.3027434429343719,-1.309098596977053,no_person,ilive-2-empty-room-20s-106.dat
0.0,0.0,48.0,0.8349749661782466,2,2416238213.2194023,8711694156.29551,-0.4070792612678496,-1.1915405533239207,no_person,ilive-2-empty-room-20s-106.dat
0.0,0.0,46.0,0.7910842167516973,2,3483892210.735371,10555607708.9524,-0.38284187327957,-1.214541917106765,no_person,ilive-2-empty-room-20s-106.dat
0.0,0.0,46.0,0.7847313072499501,1,1399340144.756245,5907819884.509809,-0.4608445376525415,-1.0052039790348535,no_person,ilive-2-empty-room-20s-106.dat
0.0,0.0,46.0,0.8725465176735548,2,2944570315.0303807,7892967886.913562,-0.32213481913552633,-1.3631402728355118,no_person,ilive-2-empty-room-20s-106.dat
0.0,0.0,49.0,0.8077716783312222,2,1206680577.2193377,4373530075.722752,-0.3772892797273731,-1.263578526888296,no_person,ilive-2-empty-room-20s-106.dat
0.0,0.0,46.0,0.9444491088545344,3,3051394761.4108787,11108653160.809658,-0.4996872068923188,-0.8945140182261238,no_person,ilive-2-empty-room-20s-106.dat
0.0,0.0,43.0,0.9404414776591686,2,3137172761.5222,10269321610.194496,-0.10591324199839244,-1.4376253541944228,no_person,ilive-2-empty-room-20s-106.dat
0.0,0.0,49.0,0.8711650038258053,1,3622258246.407716,13106127152.852455,-0.7189522936988715,-0.780960110051081,no_person,ilive-2-empty-room-20s-106.dat
0.0,0.0,48.0,0.9687444740692346,1,2702529425.9554877,9296123267.426165,-0.3751367944967666,-1.2199040442520048,no_person,ilive-2-empty-room-20s-106.dat
0.0,0.0,45.0,0.9718711332679728,1,3004880207.0430107,8763086498.917747,-0.4972088554621993,-1.0412145554768382,no_person,ilive-2-empty-room-20s-106.dat
0.0,0.0,43.0,0.9216384317781491,1,2603924820.214001,9142975291.288755,-0.4020016771042536,-1.175194297913811,no_person,ilive-2-empty-room-20s-106.dat
0.0,0.0,46.0,0.8863333515603599,1,1758624085.712593,6988737629.374771,-0.435930408757392,-1.050576339919926,no_person,ilive-2-empty-room-20s-106.dat
0.0,0.0,45.0,0.8708192152647966,1,3162264145.3028126,9486764651.852175,-0.3446469905231235,-1.3244229934016014,no_person,ilive-2-empty-room-20s-106.dat
0.0,0.0,50.0,0.8664186222090515,2,1755253324.2909868,5947594287.095249,-0.3853954259000472,-1.2649850375368794,no_person,ilive-2-empty-room-20s-106.dat
0.0,0.0,44.0,0.8577185630728307,2,3414554195.6113176,12391990202.621408,-0.31747919813051,-1.3766945646539928,no_person,ilive-2-empty-room-20s-106.dat
0.0,0.0,46.0,0.8386540728440521,1,2106999427.8523836,6196143123.014414,-0.2695606616611336,-1.3560820419068054,no_person,ilive-2-empty-room-20s-106.dat
0.0,0.0,46.0,0.919198218748695,2,2546079693.6415367,9355306139.34126,-0.4075261431028385,-1.174194304172768,no_person,ilive-2-empty-room-20s-106.dat
0.0,0.0,49.0,0.9294936550040807,1,2844620835.3010387,11787381785.183014,-0.41065262984330303,-1.1407785385717344,no_person,ilive-2-empty-room-20s-106.dat
0.0,0.0,42.0,0.9705942386980188,2,1973223549.970657,6804272441.286829,-0.3837668914373067,-1.187392256893172,no_person,ilive-2-empty-room-20s-106.dat
0.0,0.0,48.0,0.8373404437034925,2,1086720461.861497,4869955393.560106,-0.5000772092913667,-0.8681657203954329,no_person,ilive-2-empty-room-20s-106.dat
0.0,0.0,45.0,0.9486016935613654,1,2218799324.5890093,7801041455.45573,-0.42942802337883373,-1.1093129468650056,no_person,ilive-2-empty-room-20s-106.dat
0.0,0.0,47.0,0.9279904316112364,1,1733880457.0065567,6863052512.848429,-0.4985746724544483,-1.0575477460706268,no_person,ilive-2-empty-room-20s-106.dat
0.0,0.0,44.0,0.8765081163667175,2,3385536754.3368683,13475036925.228508,-0.3750974889711997,-1.0444400932723268,no_person,ilive-2-empty-room-20s-106.dat
0.1111111111111111,0.31426968052735443,41.0,0.7336444231768172,1,2820293208.293034,12088272109.300165,-0.5155346603890891,-0.8891455566485189,no_person,ilive-2-empty-room-20s-106.dat
0.0,0.0,44.0,0.9398593924990842,2,3784600767.1318603,11451657898.850124,-0.2907465401434214,-1.368501516623345,no_person,ilive-2-empty-room-20s-106.dat
0.0,0.0,48.0,0.9287838274817726,2,5128111086.844467,11415031394.284176,-0.28099082205797427,-1.3999988573080837,no_person,ilive-2-empty-room-20s-106.dat
0.0,0.0,43.0,0.8675787927040104,1,3453108367.263666,12179657538.340685,-0.33779003495494586,-1.3186996550883894,no_person,ilive-2-empty-room-20s-106.dat
0.0,0.0,50.0,0.962734537697628,1,2583195598.8542724,9182922881.073326,-0.581404443861929,-0.8235708677909099,no_person,ilive-2-empty-room-20s-106.dat
0.0,0.0,47.0,0.9615794779363045,1,2791046186.507883,9257137807.465847,-0.5470289479301487,-1.011722514510303,no_person,ilive-2-empty-room-20s-106.dat
0.0,0.0,46.0,0.9330547273527221,1,3043653307.774188,9843441358.742844,-0.45754070836539606,-1.0815384681463023,no_person,ilive-2-empty-room-20s-106.dat
0.0,0.0,45.0,0.9573604412110278,2,3528846954.4202476,9300319287.645334,-0.31830105073704673,-1.3865862122717891,no_person,ilive-2-empty-room-20s-106.dat
0.0,0.0,44.0,0.9543990525704619,1,1903682249.4399168,6113096221.960968,-0.5764627427227031,-0.8511729992690413,no_person,ilive-2-empty-room-20s-106.dat
0.0,0.0,43.0,0.9698652418295061,1,1371937169.4379394,4675489393.148945,-0.37602724380585917,-1.1821326430283268,no_person,ilive-2-empty-room-20s-106.dat
0.0,0.0,50.0,0.946893934283875,1,4908566522.237196,15464810636.606733,-0.47911632699838647,-1.1161779121528292,no_person,ilive-2-empty-room-20s-106.dat
0.0,0.0,46.0,0.9319945587608696,2,1384785769.0711722,5072294927.684044,-0.5196074494829585,-0.9614579049010055,no_person,ilive-2-empty-room-20s-106.dat
0.0,0.0,50.0,0.8787435932175275,1,3978448135.4087973,14507540334.817526,-0.44728660989313335,-1.1564250294349363,no_person,ilive-2-empty-room-20s-106.dat
0.0,0.0,46.0,0.9671210098454984,1,2097795614.8900738,6970002690.042852,-0.42305213220900156,-1.1871230338440966,no_person,ilive-2-empty-room-20s-106.dat
0.1111111111111111,0.31426968052735443,46.0,0.9496528972530397,2,2884795780.488149,7809283629.282419,-0.3176295942016361,-1.4199165066685742,no_person,ilive-2-empty-room-20s-106.dat
0.0,0.0,44.0,0.7657224818145905,2,2803692109.436912,7610616139.352316,-0.7131482853219865,-0.7883705783068473,no_person,ilive-2-empty-room-20s-106.dat
6.111111111111111,17.284832429004496,43.0,0.9603170601523128,1,2175054970.918999,9781606251.52973,-0.3986826055348443,-0.9477203530755158,no_person,ilive-2-empty-room-20s-106.dat
0.0,0.0,46.0,0.8673459932065968,3,2545930758.716492,9803870478.71817,-0.5953921879850164,-0.8861381629195098,no_person,ilive-2-empty-room-20s-106.dat
0.0,0.0,41.0,0.9594121892080109,1,1542196721.822894,5151268183.582898,-0.35348582304356785,-1.246495824261455,no_person,ilive-2-empty-room-20s-106.dat
0.0,0.0,44.0,0.8242720512770271,1,1369002331.9451709,6070576714.546621,-0.4335164123675055,-1.1289750603622186,no_person,ilive-2-empty-room-20s-106.dat
0.0,0.0,44.0,0.8589282387220352,1,3458702107.3810296,12488647055.068703,-0.4558012296791288,-1.0502595862816955,no_person,ilive-2-empty-room-20s-106.dat
0.0,0.0,46.0,0.9392498716054137,1,1985335799.2517195,8169995685.420641,-0.6550450077075778,-0.7484685924545547,no_person,ilive-2-empty-room-20s-106.dat
0.0,0.0,44.0,0.9242366476943059,2,2659360733.4998226,9057561718.984312,-0.36030296445620275,-1.1690691737981527,no_person,ilive-2-empty-room-20s-106.dat
0.0,0.0,45.0,0.9112705704061886,2,3297034324.168233,9948343685.540754,-0.3841448995646033,-1.2241443191110974,no_person,ilive-2-empty-room-20s-106.dat
0.0,0.0,47.0,0.9597374215367114,1,2069847758.9059143,7114191400.014803,-0.6501938219092869,-0.7653879472502703,no_person,ilive-2-empty-room-20s-106.dat
0.0,0.0,45.0,0.8963784893671902,2,3026546296.3591423,8748151354.616364,-0.4608205184412291,-1.1638385800802826,no_person,ilive-2-empty-room-20s-106.dat
0.0,0.0,43.0,0.9508852982659947,2,3109696340.9557695,9832666720.173357,-0.2355519367042733,-1.3573366237032611,no_person,ilive-2-empty-room-20s-106.dat
0.0,0.0,50.0,0.9718613926466171,2,2716049297.6502395,10108867089.349874,-0.5996976205935343,-0.8634897304301448,no_person,ilive-2-empty-room-20s-106.dat
0.0,0.0,45.0,0.9600453711150334,3,1346936384.086994,4334202549.950745,-0.3847071103466872,-1.2835476766767013,no_person,ilive-2-empty-room-20s-106.dat
0.0,0.0,45.0,0.9602570844945514,1,3027142152.4862094,8986523354.557362,-0.5234402503786735,-1.09567412044442,no_person,ilive-2-empty-room-20s-106.dat
0.0,0.0,50.0,0.9368773863322392,1,4699119928.08333,16008567131.848349,-0.3776188731493921,-1.243055737760552,no_person,ilive-2-empty-room-20s-106.dat
0.0,0.0,48.0,0.9149554669318113,2,2964472663.7838726,8502750805.993156,-0.4102679834085444,-1.2712728353336513,no_person,ilive-2-empty-room-20s-106.dat
0.0,0.0,41.0,0.955492511963993,1,2441551776.148467,10283414954.681686,-0.450249585041297,-1.0561972802229351,no_person,ilive-2-empty-room-20s-106.dat
0.0,0.0,47.0,0.861367210941525,2,4334544381.322739,14013347928.944761,-0.47844831228584134,-1.045101718297882,no_person,ilive-2-empty-room-20s-106.dat
0.0,0.0,40.0,0.9725072832272907,1,2952655246.0212083,9782390496.621063,-0.44182142198834007,-1.0534515276501097,no_person,ilive-2-empty-room-20s-106.dat
0.0,0.0,50.0,0.9367535772512615,2,3663579176.9060993,12566550554.151476,-0.5068289049771364,-1.0493919569397345,no_person,ilive-2-empty-room-20s-106.dat
0.0,0.0,50.0,0.9412647890044242,1,4255582673.2046304,11660145030.512943,-0.22400606085406968,-1.3845977461734178,no_person,ilive-2-empty-room-20s-106.dat
0.0,0.0,45.0,0.9406970002601961,2,3331546747.8380013,12246920759.291767,-0.3645666120604691,-1.3214114497862461,no_person,ilive-2-empty-room-20s-106.dat
0.0,0.0,49.0,0.78066703912982,2,1324501311.5424135,3650433125.4870615,-0.31599115867611144,-1.4089883199790578,no_person,ilive-2-empty-room-20s-106.dat
0.0,0.0,46.0,0.8549089182238145,2,3596588637.3200054,12655768738.195812,-0.5423853791710096,-0.9800967173313428,no_person,ilive-2-empty-room-20s-106.dat
0.0,0.0,45.0,0.887170851776256,2,3262608474.6401505,8908119321.92073,-0.4740011808096256,-1.2119824775177517,no_person,ilive-2-empty-room-20s-106.dat
0.0,0.0,47.0,0.9545387012925298,1,1734466057.220482,7238440230.52454,-0.42915399090773,-1.1293131829638288,no_person,ilive-2-empty-room-20s-106.dat
0.0,0.0,49.0,0.9430419126455347,2,2176094310.3457394,8038248897.083048,-0.6733934649616232,-0.7590243211087668,no_person,ilive-2-empty-room-20s-106.dat
0.0,0.0,42.0,0.9643517255949461,2,1111769070.386006,4905017364.158172,-0.44579830659738784,-0.9270129515211325,no_person,ilive-2-empty-room-20s-106.dat
0.0,0.0,44.0,0.9416375604662118,2,1716888057.9407978,5100760468.718282,-0.3333360273798173,-1.3187653334902985,no_person,ilive-2-empty-room-20s-106.dat
0.0,0.0,43.0,0.9450119452486518,2,3013924792.65666,9077371660.467754,-0.24375577717466473,-1.4319438895242018,no_person,ilive-2-empty-room-20s-106.dat
0.0,0.0,45.0,0.9888007452501818,2,1932919851.945989,7090337537.834561,-0.4070356541954208,-1.203890004479593,no_person,ilive-2-empty-room-20s-106.dat
0.0,0.0,48.0,0.9326442213630893,2,4637608807.4137535,13415415763.249582,-0.29614694261557,-1.37361650010226,no_person,ilive-2-empty-room-20s-106.dat
0.0,0.0,46.0,0.9724577007545596,3,2574240543.639743,9351327659.145271,-0.3483623251496549,-1.3066930327067259,no_person,ilive-2-empty-room-20s-106.dat
0.0,0.0,45.0,0.9683070763773723,2,3221622417.656966,10710371776.418062,-0.4389863440139885,-1.1489725270107631,no_person,ilive-2-empty-room-20s-106.dat
0.0,0.0,44.0,0.9280987107460074,2,1804528418.7567089,6615071830.514807,-0.4859589142964529,-1.0724983095196146,no_person,ilive-2-empty-room-20s-106.dat
0.0,0.0,46.0,0.923684234611995,1,2876315695.03958,9326273261.832207,-0.6104685561916279,-0.8929595224820264,no_person,ilive-2-empty-room-20s-106.dat
0.0,0.0,47.0,0.9227539921892639,2,2195360750.3022313,11607503156.343624,-0.5226171081702516,-0.9312194485665057,no_person,ilive-2-empty-room-20s-106.dat
0.0,0.0,46.0,0.9243402179695548,2,4138803516.2688804,14505088397.454044,-0.39401034793389,-1.2490364793165054,no_person,ilive-2-empty-room-20s-106.dat
0.0,0.0,48.0,0.9313081956655056,1,3623979401.0575185,12140746960.97213,-0.4287043808198424,-1.116352507197068,no_person,ilive-2-empty-room-20s-106.dat
0.0,0.0,45.0,0.8428620830350336,1,1896018362.3221078,5355265186.127428,-0.40813316541408756,-1.2367547028974823,no_person,ilive-2-empty-room-20s-106.dat
0.0,0.0,46.0,0.8861624039163398,2,2448328105.3546076,7142920591.782852,-0.6198399366191328,-0.9176647057207541,no_person,ilive-2-empty-room-20s-106.dat
0.0,0.0,42.0,0.9385950343045206,2,3239748684.9202886,10068082123.157995,-0.15281119928606157,-1.4196235141380433,no_person,ilive-2-empty-room-20s-106.dat
0.0,0.0,47.0,0.9129670839574847,2,3970157106.628872,13433387634.603481,-0.5674099612442859,-1.0046320615543742,no_person,ilive-2-empty-room-20s-106.dat
0.0,0.0,44.0,0.9513379889324165,2,1283850737.343478,5037440933.210017,-0.568167545704711,-0.9280501718267682,no_person,ilive-2-empty-room-20s-106.dat
0.0,0.0,41.0,0.959057954007042,1,3378792564.8671823,10431297025.018623,-0.14187764496131877,-1.4238248824676691,no_person,ilive-2-empty-room-20s-106.dat
0.0,0.0,45.0,0.8785334887891052,2,4005181877.505448,12243254277.991451,-0.3560021966286977,-1.2747173640709406,no_person,ilive-2-empty-room-20s-106.dat
0.0,0.0,47.0,0.8854842103979377,2,3542121808.73215,10969457112.020378,-0.42859392033222904,-1.18607218917423,no_person,ilive-2-empty-room-20s-106.dat
0.0,0.0,45.0,0.790933657493141,1,3181398493.5072765,9324753085.866888,-0.46173065184491086,-1.1256028468918837,no_person,ilive-2-empty-room-20s-106.dat
0.1111111111111111,0.31426968052735443,44.0,0.9760655200314846,2,3000800715.0067506,8533782840.894075,-0.5087913248780406,-1.0705495224020574,no_person,ilive-2-empty-room-20s-106.dat
0.0,0.0,47.0,0.9606444157766173,1,2292717996.857752,8538973120.054463,-0.4265947075562675,-1.0632784736393663,no_person,ilive-2-empty-room-20s-106.dat
0.0,0.0,46.0,0.9435732543084678,2,3077864289.332235,9442036118.250692,-0.564417222339893,-0.9883275948030787,no_person,ilive-2-empty-room-20s-106.dat
0.0,0.0,46.0,0.9421749064726018,2,2600199414.51628,8914216899.063911,-0.49381093922850844,-1.1092278202587538,no_person,ilive-2-empty-room-20s-106.dat
0.0,0.0,49.0,0.9619897513801119,1,2859227132.086544,13820484428.787971,-0.4534786762531225,-0.8559880170991341,no_person,ilive-2-empty-room-20s-106.dat
0.0,0.0,52.0,0.8628744386534832,2,3851694276.821513,12122408320.254047,-0.5013407403440708,-1.107302064618256,no_person,ilive-2-empty-room-20s-106.dat
0.0,0.0,46.0,0.8597484781381775,2,3734287669.148399,10875226836.860924,-0.2807646035335964,-1.4400580517130352,no_person,ilive-2-empty-room-20s-106.dat
0.0,0.0,49.0,0.9420750424852676,1,3354399512.768913,12527537491.610733,-0.5880471139672567,-0.8119685436082693,no_person,ilive-2-empty-room-20s-106.dat
0.0,0.0,43.0,0.936383430194121,2,2826311707.010633,9010442500.580585,-0.3036693640462258,-1.2518277808231495,no_person,ilive-2-empty-room-20s-106.dat
0.0,0.0,47.0,0.9549594687251327,1,1861796170.8943877,8220535240.969986,-0.4326026873126738,-0.996516043683136,no_person,ilive-2-empty-room-20s-106.dat
0.0,0.0,44.0,0.7433292183461765,3,2292946032.9446397,8768982589.698015,-0.7044760868792328,-0.6760934716937843,no_person,ilive-2-empty-room-20s-106.dat
0.0,0.0,50.0,0.9385570521579395,1,2705574103.636132,7757887614.1783495,-0.8001972137007668,-0.6094778322242784,no_person,ilive-2-empty-room-20s-106.dat
0.0,0.0,46.0,0.8316033715696988,2,1824027626.0623856,5928495017.634016,-0.5032352161834506,-1.039980460528263,no_person,ilive-2-empty-room-20s-106.dat
0.0,0.0,43.0,0.9354326337201356,2,3415322943.2265644,11021403226.652275,-0.1560122461839311,-1.4020542986008604,no_person,ilive-2-empty-room-20s-106.dat
0.0,0.0,46.0,0.905083388881339,3,3369926213.0640087,10432974372.864918,-0.5897485158214485,-0.9829698422695761,no_person,ilive-2-empty-room-20s-106.dat
0.0,0.0,45.0,0.8799246179454034,1,3988182807.0189285,12016608630.765972,-0.3124259257441938,-1.3696722994345911,no_person,ilive-2-empty-room-20s-106.dat
0.0,0.0,46.0,0.8477269886013725,2,3184789452.3053665,10136177855.877798,-0.4019858797610227,-1.1807094932094024,no_person,ilive-2-empty-room-20s-106.dat
0.0,0.0,47.0,0.7963792573046496,2,2144773871.7635376,7541499802.123191,-0.5868828306260179,-0.965499466469864,no_person,ilive-2-empty-room-20s-106.dat
0.0,0.0,45.0,0.9753368401072299,3,2349719073.383856,9542846715.161236,-0.5851151974330596,-0.8869277655804182,no_person,ilive-2-empty-room-20s-106.dat
0.0,0.0,48.0,0.9295123480985383,5,3040757265.458751,12894795644.900707,-0.48658581884976415,-0.9382279884792983,no_person,ilive-2-empty-room-20s-106.dat
0.0,0.0,44.0,0.975292700852825,1,2910890628.411419,8634992952.274567,-0.35376519225445396,-1.2275877390112784,no_person,ilive-2-empty-room-20s-106.dat
0.0,0.0,47.0,0.9468669426895412,2,1505269878.3013833,8347931513.644459,-0.3176829913646569,-1.1735847597797713,no_person,ilive-2-empty-room-20s-106.dat
0.0,0.0,46.0,0.8888180662092657,2,4472905936.157335,13975307768.541853,-0.5057154658389638,-1.0879813487718468,no_person,ilive-2-empty-room-20s-106.dat
0.0,0.0,45.0,0.8277114613143318,3,3080287317.683807,10552657220.009108,-0.1795607028366329,-1.4319940761078604,no_person,ilive-2-empty-room-20s-106.dat
0.0,0.0,50.0,0.8544306064601235,3,3803805353.4327836,11125788930.452568,-0.6618773154918941,-0.857515352775883,no_person,ilive-2-empty-room-20s-106.dat
0.0,0.0,44.0,0.9637709728500118,2,2521621682.145961,8450809750.420179,-0.39024843977921203,-1.1697166511798458,no_person,ilive-2-empty-room-20s-106.dat
0.0,0.0,45.0,0.8304190833232862,3,2445274528.0683784,7934662993.722788,-0.3684674478705476,-1.1597540616637694,no_person,ilive-2-empty-room-20s-106.dat
0.0,0.0,42.0,0.9463608301451488,3,3279869351.0682364,12173167194.68547,-0.3786633650080073,-1.2869196276051076,no_person,ilive-2-empty-room-20s-106.dat
0.0,0.0,44.0,0.9378072170612249,2,2551572524.312151,8837119559.595598,-0.40064498390759096,-1.1128183357183123,no_person,ilive-2-empty-room-20s-106.dat
0.0,0.0,46.0,0.9580890562051093,1,3302944859.177841,11540280164.795197,-0.39101601651538587,-1.1278154061520616,no_person,ilive-2-empty-room-20s-106.dat
0.0,0.0,45.0,0.9001775493662111,2,5482292661.330864,14403885637.429731,-0.29143064673050295,-1.4569121681488573,no_person,ilive-2-empty-room-20s-106.dat
0.0,0.0,43.0,0.9336866608415104,2,2916836814.153937,9342830071.67178,-0.25822982407353345,-1.3574161284188762,no_person,ilive-2-empty-room-20s-106.dat
0.0,0.0,44.0,0.9597939136913117,2,3353431779.961585,8284002228.0996685,-0.23122209576206051,-1.467606546914333,no_person,ilive-2-empty-room-20s-106.dat
0.0,0.0,42.0,0.9383447658095357,1,2152515425.4476733,11699307607.707058,-0.4808108676352679,-0.9215247936846649,no_person,ilive-2-empty-room-20s-106.dat
0.0,0.0,46.0,0.8471323435310194,1,2453758336.723076,9450940756.06261,-0.6101642600534933,-0.7595867173741118,no_person,ilive-2-empty-room-20s-106.dat
0.0,0.0,40.0,0.9625855811320547,2,2886640165.4007053,9139558412.359404,-0.09700086833455661,-1.472239694662428,no_person,ilive-2-empty-room-20s-106.dat
0.0,0.0,47.0,0.9083700752362176,3,2663121369.9375043,10533072672.481062,-0.4956252574752011,-1.0849069272198275,no_person,ilive-2-empty-room-20s-106.dat
0.0,0.0,46.0,0.9622489709506495,2,2570019474.839547,8613326780.655973,-0.4494668312735975,-1.100207110043281,no_person,ilive-2-empty-room-20s-106.dat
0.0,0.0,42.0,0.9787837835754933,2,3368863228.62671,10821889519.554585,-0.24193591267864784,-1.3274172741204269,no_person,ilive-2-empty-room-20s-106.dat
0.0,0.0,47.0,0.9407077663700334,3,3410963482.980865,12568930348.180931,-0.4135764498942858,-1.2138909993970946,no_person,ilive-2-empty-room-20s-106.dat
0.0,0.0,46.0,0.9663903962981085,3,2993324082.396987,9493857320.478481,-0.42491735656575824,-1.2707619342579748,no_person,ilive-2-empty-room-20s-106.dat
0.0,0.0,47.0,0.9641268737811646,2,2598429494.1149125,9214317211.345469,-0.43076983273512154,-1.1038937722090714,no_person,ilive-2-empty-room-20s-106.dat
0.0,0.0,45.0,0.9482016312560613,2,3444535818.9943504,13133382902.870209,-0.5407939088033451,-0.9718992552277688,no_person,ilive-2-empty-room-20s-106.dat
0.0,0.0,49.0,0.9675337320335835,3,2840276291.3725324,10564214941.99097,-0.45142747777785225,-1.1051059287576455,no_person,ilive-2-empty-room-20s-106.dat
0.0,0.0,46.0,0.8723986243159042,1,4010124581.0213127,12990542922.86824,-0.47627630067086224,-1.126123099173603,no_person,ilive-2-empty-room-20s-106.dat
0.0,0.0,49.0,0.8082296700811862,1,2012982949.0088577,6522448612.553357,-0.5137775783176954,-1.020671883316183,no_person,ilive-2-empty-room-20s-106.dat
0.0,0.0,45.0,0.9805009809940972,2,3435500775.808612,9842995156.307085,-0.4125927293631702,-1.1954218853497383,no_person,ilive-2-empty-room-20s-106.dat
0.0,0.0,45.0,0.9503997101254184,1,2118297591.9363027,7962184214.642035,-0.43731248446895354,-1.0904176893924893,no_person,ilive-2-empty-room-20s-106.dat
0.0,0.0,50.0,0.9339140740265482,3,4359452855.348571,11673340284.800936,-0.3432811325435868,-1.3145990516112607,no_person,ilive-2-empty-room-20s-106.dat
0.0,0.0,40.0,0.9475237198374643,1,1887418797.4126222,9462735383.010624,-0.5666942579821145,-0.832142471345874,no_person,ilive-2-empty-room-20s-106.dat
0.0,0.0,43.0,0.9745915698652275,1,3127147442.0746107,8372333962.861927,-0.36791455160608644,-1.2419398961174486,no_person,ilive-2-empty-room-20s-106.dat
0.0,0.0,54.0,0.9227575012341374,1,3787342858.2479644,12947439134.787848,-0.587346019048737,-0.941805981166485,no_person,ilive-2-empty-room-20s-106.dat
0.0,0.0,45.0,0.9321066808224654,2,2309364349.010241,8386364228.550934,-0.46128883155882444,-1.0801898656156461,no_person,ilive-2-empty-room-20s-106.dat
0.0,0.0,52.0,0.9116498018446203,2,3418641703.781159,14287246559.332088,-0.4421172257669143,-1.0729709509862941,no_person,ilive-2-empty-room-20s-106.dat
0.0,0.0,42.0,0.8161141176285973,2,2581403256.1906257,9189044940.991932,-0.24774112401895684,-1.4621306836338301,no_person,ilive-2-empty-room-20s-106.dat
0.0,0.0,46.0,0.8328955327991701,2,2798240208.2496333,9303653206.466427,-0.39693016029095046,-1.1800817940280648,no_person,ilive-2-empty-room-20s-106.dat
0.0,0.0,48.0,0.9394707969464656,2,3918720898.129171,10335079089.794884,-0.33753586005750646,-1.32544359183304,no_person,ilive-2-empty-room-20s-106.dat
0.0,0.0,48.0,0.9664079509372953,1,3051733499.042232,9468928613.040453,-0.49735090365184165,-1.07413499615897,no_person,ilive-2-empty-room-20s-106.dat
0.0,0.0,43.0,0.9604881497602149,2,1474249924.3221874,4509966461.578526,-0.4417386499278182,-1.1867236956715184,no_person,ilive-2-empty-room-20s-106.dat
0.0,0.0,49.0,0.9432346439663378,2,4185236297.6438594,13241449025.815208,-0.4281334691348504,-1.1369301121257072,no_person,ilive-2-empty-room-20s-106.dat
0.0,0.0,47.0,0.9041186953396129,2,2223162656.1650643,8441469963.359512,-0.5196834884811332,-1.032982251411917,no_person,ilive-2-empty-room-20s-106.dat
0.0,0.0,51.0,0.9318625836863804,2,3744797286.6687145,12377201570.204836,-0.6921395744811825,-0.764082714757718,no_person,ilive-2-empty-room-20s-106.dat
0.0,0.0,53.0,0.8735356828508636,1,3816609912.683693,11823713472.54594,-0.5678436952888395,-0.9736800048358725,no_person,ilive-2-empty-room-20s-106.dat
0.0,0.0,46.0,0.9391043249762604,2,1389605055.1915205,4562043210.763314,-0.7291589970473922,-0.6973521109966212,no_person,ilive-2-empty-room-20s-106.dat
0.0,0.0,46.0,0.799498026995017,2,2793539114.852073,8364897377.277657,-0.35811606925346706,-1.2450244194071656,no_person,ilive-2-empty-room-20s-106.dat
0.0,0.0,45.0,0.9344614514642514,2,3445143222.9562078,12026598436.827463,-0.4256211391022943,-1.2372311353269427,no_person,ilive-2-empty-room-20s-106.dat
0.0,0.0,46.0,0.7814571541925353,2,2194762673.8655205,6675216621.269082,-0.2840934777325588,-1.4059100106078704,no_person,ilive-2-empty-room-20s-106.dat
0.0,0.0,46.0,0.8979487396213363,2,2619560489.2288423,10025077195.959354,-0.6825942057906915,-0.6285436764506986,no_person,ilive-2-empty-room-20s-106.dat
0.0,0.0,49.0,0.9163321604740238,1,3636780812.9994,14255590791.327553,-0.5206031471033625,-0.9401427724152511,no_person,ilive-2-empty-room-20s-106.dat
0.0,0.0,46.0,0.8931814983505779,3,2609582108.239745,9117746839.509188,-0.40204067269912797,-1.190327658591005,no_person,ilive-2-empty-room-20s-106.dat
0.0,0.0,50.0,0.8720151070239776,1,5121775550.476138,16130021684.021866,-0.4541928713383058,-1.1246261176035155,no_person,ilive-2-empty-room-20s-106.dat
0.0,0.0,49.0,0.934499174196109,1,3713605404.1215463,11093045141.043745,-0.4610892072897516,-1.0463925069873052,no_person,ilive-2-empty-room-20s-106.dat
0.0,0.0,48.0,0.7712226674669301,2,3538166298.839676,11511570408.46516,-0.4229439510185838,-1.1739980965883139,no_person,ilive-2-empty-room-20s-106.dat
0.0,0.0,47.0,0.8294626521308827,2,3154340270.421612,9568417878.366821,-0.3399708032431905,-1.2580012188798995,no_person,ilive-2-empty-room-20s-106.dat
0.0,0.0,45.0,0.93666653832922,1,1770074933.7065823,7409917365.890389,-0.5035097729191811,-1.051677001213481,no_person,ilive-2-empty-room-20s-106.dat
0.0,0.0,46.0,0.7527125189435093,1,3100357511.6770024,10512375056.71138,-0.5107396919918968,-1.0737614617109805,no_person,ilive-2-empty-room-20s-106.dat
0.0,0.0,46.0,0.7654549779011605,1,1007531476.6800834,4579613243.29562,-0.42473093402878936,-1.0409797982902882,no_person,ilive-2-empty-room-20s-106.dat
0.0,0.0,45.0,0.9544609765666765,1,2074333104.343251,8701157111.567875,-0.41578562121137974,-1.0527962287771009,no_person,ilive-2-empty-room-20s-106.dat
0.0,0.0,47.0,0.9129930785476762,1,2495749426.1262274,13617990709.537424,-0.5077625170179112,-0.7738296517360075,no_person,ilive-2-empty-room-20s-106.dat
0.0,0.0,46.0,0.968544249337877,2,3995937967.9261456,11850461069.763992,-0.4702687636640549,-1.0976290149923156,no_person,ilive-2-empty-room-20s-106.dat
0.0,0.0,46.0,0.8903604199242823,2,1783036588.3406897,6023948929.655508,-0.5489262618847358,-1.0297709010945713,no_person,ilive-2-empty-room-20s-106.dat
0.0,0.0,46.0,0.8921788378365445,3,2615901856.876462,10002524314.128122,-0.42644495452415637,-1.1664551761733768,no_person,ilive-2-empty-room-20s-106.dat
0.0,0.0,44.0,0.8621216141493249,2,3680538530.822124,12035787990.634535,-0.3101939834599906,-1.2616901834522465,no_person,ilive-2-empty-room-20s-106.dat
0.0,0.0,52.0,0.9349933509565693,3,3655579079.904672,11742596604.772104,-0.35480544428142397,-1.316036806641196,no_person,ilive-2-empty-room-20s-106.dat
0.0,0.0,43.0,0.9794844144028789,3,2758502238.0257087,8714230683.279942,-0.4043481597161901,-1.2403037897440377,no_person,ilive-2-empty-room-20s-106.dat
0.0,0.0,49.0,0.9461093304701133,1,3199650815.1085157,12031920488.61883,-0.5113387899996497,-0.9347309097361887,no_person,ilive-2-empty-room-20s-106.dat
0.0,0.0,48.0,0.9026174667362676,1,3220488890.462849,12199909920.355278,-0.5911027658902287,-0.8943793503370756,no_person,ilive-2-empty-room-20s-106.dat
0.0,0.0,45.0,0.9217775581744406,2,4060699571.230454,11836133531.013618,-0.49803253976297124,-1.1412561202861267,no_person,ilive-2-empty-room-20s-106.dat
0.0,0.0,47.0,0.7881672875828288,1,2261177858.037316,7060403948.906603,-0.4919497601901761,-1.1159052755329244,no_person,ilive-2-empty-room-20s-106.dat
0.0,0.0,37.0,0.0,5,3722845751.7601438,16493183078.535841,-1.0990560192752306,-0.3114464675641968,no_person,ilive-2-empty-room-20s-106.dat
0.0,0.0,47.0,0.7803051118438314,1,2049360235.9868457,6561702932.676959,-0.3907176350703997,-1.1570125326079348,no_person,ilive-2-empty-room-20s-106.dat
0.0,0.0,46.0,0.879860140395712,4,1134204561.9750454,3781175514.5542946,-0.6955105857665087,-0.7495759245700944,no_person,ilive-2-empty-room-20s-106.dat
0.0,0.0,45.0,0.9660766371770934,1,2110211357.257691,6858269707.465429,-0.38667807461431203,-1.2296720925351228,no_person,ilive-2-empty-room-20s-106.dat
0.1111111111111111,0.31426968052735443,42.0,0.8878246055105992,2,4882477238.151842,12758999569.981922,-0.2073922355221994,-1.4834962480930036,no_person,ilive-2-empty-room-20s-106.dat
0.0,0.0,45.0,0.9180492737409779,1,3479817667.560545,11720746548.173481,-0.5068192080347433,-1.0508656923421433,no_person,ilive-2-empty-room-20s-106.dat
0.0,0.0,45.0,0.9551389979575738,2,1522740454.3708658,4911413695.625483,-0.46271002385620064,-1.1090471680099705,no_person,ilive-2-empty-room-20s-106.dat
0.0,0.0,47.0,0.9036594960821978,1,2996979623.9751053,9549936493.6501,-0.5469083751341971,-1.0001452145347451,no_person,ilive-2-empty-room-20s-106.dat
0.0,0.0,44.0,0.9087300736473346,4,3689764237.4919024,12562101681.335808,-0.36683809927436667,-1.3091744518508042,no_person,ilive-2-empty-room-20s-106.dat
0.0,0.0,45.0,0.9533068273909149,2,2955745647.147413,10967840757.780052,-0.5351746129389338,-0.962166207303393,no_person,ilive-2-empty-room-20s-106.dat
0.0,0.0,44.0,0.885134506205524,1,2797596076.805222,10526735536.11598,-0.48171554921139587,-0.9911028813805527,no_person,ilive-2-empty-room-20s-106.dat
0.0,0.0,45.0,0.895539649259627,2,2732758092.791025,9023764907.948864,-0.37429558071256747,-1.2437794006303646,no_person,ilive-2-empty-room-20s-106.dat
0.0,0.0,49.0,0.9583888263127189,2,2631841882.9330664,12968806568.63013,-0.531013484283111,-0.9028145736531608,no_person,ilive-2-empty-room-20s-106.dat
0.0,0.0,46.0,0.9236397714754574,1,4099865385.035487,10606854621.167068,-0.35206959022545387,-1.3259927725954117,no_person,ilive-2-empty-room-20s-106.dat
0.0,0.0,47.0,0.8983346231722225,2,4200983408.3444195,12688510004.797714,-0.34921436225397623,-1.3258199154771504,no_person,ilive-2-empty-room-20s-106.dat
0.0,0.0,45.0,0.9478702329666191,1,2274019434.2810316,11462294075.709663,-0.5305244371427622,-0.7859683802817305,no_person,ilive-2-empty-room-20s-106.dat
0.0,0.0,44.0,0.9743261874612243,2,2611369669.420442,8502881066.213308,-0.4271743935042402,-1.1957766658777662,no_person,ilive-2-empty-room-20s-106.dat
0.0,0.0,46.0,0.8853460511021813,2,1219030269.1055746,4523176868.316774,-0.4076311439705002,-1.1354254856918273,no_person,ilive-2-empty-room-20s-106.dat
0.0,0.0,47.0,0.8391895782611947,2,2938772065.929341,11613423801.638504,-0.3116177056489592,-1.2494434230197125,no_person,ilive-2-empty-room-20s-106.dat
0.0,0.0,46.0,0.8545109818473412,2,3800792861.902261,15515643201.629608,-0.4577391393587494,-1.0216464433432935,no_person,ilive-2-empty-room-20s-106.dat
0.0,0.0,48.0,0.7991831320357399,2,1768464986.15204,6427603743.657406,-0.47517129697999005,-1.1141274123339961,no_person,ilive-2-empty-room-20s-106.dat
0.0,0.0,45.0,0.9579992562812613,1,2628756017.185305,11085141079.325182,-0.4641084390847248,-1.0405957215836943,no_person,ilive-2-empty-room-20s-106.dat
0.0,0.0,44.0,0.9292067708500397,2,1594742640.7742412,5253835938.968107,-0.3694921458168927,-1.2648610639388393,no_person,ilive-2-empty-room-20s-106.dat
0.0,0.0,47.0,0.8183931657344464,1,3076612764.9022818,10789334754.681961,-0.45538446747180183,-1.0495311765145017,no_person,ilive-2-empty-room-20s-106.dat
0.0,0.0,45.0,0.7746880523126912,2,2042416117.7741654,6722402800.703738,-0.36436423768822906,-1.2336191914610406,no_person,ilive-2-empty-room-20s-106.dat
0.0,0.0,45.0,0.9618320042982013,1,2457871899.5107365,8855698227.206722,-0.39867602879142616,-1.1355984486902473,no_person,ilive-2-empty-room-20s-106.dat
0.0,0.0,45.0,0.7984047360728813,1,2700697346.3004236,10183828283.067688,-0.43327628764429565,-1.0258808585489987,no_person,ilive-2-empty-room-20s-106.dat
0.0,0.0,46.0,0.9018897404772629,2,3924051435.66478,11691378991.592182,-0.45150857833935504,-1.2060818467331251,no_person,ilive-2-empty-room-20s-106.dat
0.0,0.0,48.0,0.9559873050618055,2,2911257627.833864,9695167863.24267,-0.5522768571702364,-0.9284618897566861,no_person,ilive-2-empty-room-20s-106.dat
0.0,0.0,44.0,0.961860277881644,2,2451583356.8868237,8130807071.755629,-0.37456165681871717,-1.2992760267178312,no_person,ilive-2-empty-room-20s-106.dat
0.0,0.0,47.0,0.7552036596395094,3,2053640817.6922789,6975994799.062009,-0.3649379802342664,-1.2420628032973715,no_person,ilive-2-empty-room-20s-106.dat
0.0,0.0,47.0,0.8657089903214084,1,3471977740.9505925,12706195533.46606,-0.4476748060409646,-1.0334140781257186,no_person,ilive-2-empty-room-20s-106.dat
0.0,0.0,42.0,0.7980808503121406,1,2610572975.2641044,11494944032.802174,-0.506055375587472,-0.9099504559115852,no_person,ilive-2-empty-room-20s-106.dat
0.0,0.0,46.0,0.9443619117751316,1,1359613722.436248,4872635940.842871,-0.4065565557968732,-1.0911966469474317,no_person,ilive-2-empty-room-20s-106.dat
0.0,0.0,44.0,0.8921569369856206,1,3721089223.24512,8944046318.301804,-0.2795723585100972,-1.3841965507406833,no_person,ilive-2-empty-room-20s-106.dat
0.0,0.0,49.0,0.8757174919492464,2,2645071578.7675333,12280435065.660578,-0.34900184640445114,-1.1368244393827764,no_person,ilive-2-empty-room-20s-106.dat
0.0,0.0,43.0,0.9083764259400957,3,1769699550.946667,7062531558.347272,-0.46190515756985673,-1.209503163599255,no_person,ilive-2-empty-room-20s-106.dat
0.0,0.0,45.0,0.9255631252853405,3,3392922571.966164,10951743829.903252,-0.35885568482635416,-1.2729795145997533,no_person,ilive-2-empty-room-20s-106.dat
0.0,0.0,45.0,0.9388109080388328,2,2402874056.9423957,8966606824.743769,-0.584859736145451,-0.8950742328772394,no_person,ilive-2-empty-room-20s-106.dat
0.0,0.0,48.0,0.8106125436368172,2,1399767943.8317037,5228022969.924212,-0.6067400227255988,-0.8778323344848471,no_person,ilive-2-empty-room-20s-106.dat
0.0,0.0,46.0,0.9544224267291174,1,3174392364.4527345,12822608896.064564,-0.45481962880311094,-1.1462357527253433,no_person,ilive-2-empty-room-20s-106.dat
0.0,0.0,48.0,0.8827012426866185,3,3585624528.7221885,12911993286.082159,-0.47219582724346987,-1.090879487017101,no_person,ilive-2-empty-room-20s-106.dat
0.0,0.0,46.0,0.8422172681979312,3,3933750755.0397725,12445426611.352833,-0.5494710995563008,-1.0301549774814531,no_person,ilive-2-empty-room-20s-106.dat
0.0,0.0,47.0,0.9285162521947922,2,3639458779.2432184,8922021155.212273,-0.2936854394658377,-1.3550940945929442,no_person,ilive-2-empty-room-20s-106.dat
0.0,0.0,47.0,0.9697554453966056,3,1836702723.5964172,7437540761.490634,-0.48695854265454613,-1.0023659275922683,no_person,ilive-2-empty-room-20s-106.dat
0.0,0.0,47.0,0.8744480983635163,2,3058303442.5210342,11488477903.141804,-0.5792028050076604,-0.9170373936606104,no_person,ilive-2-empty-room-20s-106.dat
0.0,0.0,49.0,0.936264963870907,2,3368931040.595767,13591467316.476286,-0.3494773408516469,-1.2280309618096925,no_person,ilive-2-empty-room-20s-106.dat
0.0,0.0,45.0,0.7963746457055081,2,2607180980.2912517,8815270681.95808,-0.2510159937997199,-1.30843363169696,no_person,ilive-2-empty-room-20s-106.dat
0.0,0.0,46.0,0.7587891670808131,2,3179924038.8700995,12378133325.055641,-0.616785583641693,-0.8246240960588094,no_person,ilive-2-empty-room-20s-106.dat
0.0,0.0,46.0,0.9278499834187506,2,3080618762.8398547,10979446828.111933,-0.3733447429788786,-1.2397152195755923,no_person,ilive-2-empty-room-20s-106.dat
0.0,0.0,44.0,0.9356571436749949,2,3469072112.979748,10497296473.57684,-0.2977654721614363,-1.3046561485641313,no_person,ilive-2-empty-room-20s-106.dat
0.0,0.0,40.0,0.978628083651169,3,1387615805.9822772,8169998304.822947,-0.18309160922518566,-1.3277629419398203,no_person,ilive-2-empty-room-20s-106.dat
0.0,0.0,45.0,0.946653166165503,1,2752815747.518208,9047485769.457226,-0.29637766127892,-1.2745755255951703,no_person,ilive-2-empty-room-20s-106.dat
0.0,0.0,47.0,0.7504889887473999,2,2139763364.3178954,6267242261.4282055,-0.4764569784794984,-1.1062856820962903,no_person,ilive-2-empty-room-20s-106.dat
0.0,0.0,47.0,0.861620786254327,1,3068945649.6213603,11008937623.838758,-0.47351963827498933,-1.0853416465018453,no_person,ilive-2-empty-room-20s-106.dat
0.0,0.0,46.0,0.9567574381341948,1,3706654358.811099,13310210003.58073,-0.44998438715302475,-1.1270521168641237,no_person,ilive-2-empty-room-20s-106.dat
6.111111111111111,17.284832429004496,36.0,0.6678464676434446,1,4554414446.727335,11159002356.702747,-0.6428314514605514,-0.9013879433549823,no_person,ilive-2-empty-room-20s-106.dat
0.0,0.0,43.0,0.8347789100318328,1,3787400588.7416534,12580564174.24048,-0.4329900522720425,-1.1157861483297022,no_person,ilive-2-empty-room-20s-106.dat
0.0,0.0,44.0,0.9715862214830842,2,1469175593.6977017,6308190844.000931,-0.5898909125256395,-0.843140261034089,no_person,ilive-2-empty-room-20s-106.dat
0.0,0.0,44.0,0.9418354997868211,2,1601535635.8039422,5387803707.788431,-0.3274376531123471,-1.335203781096199,no_person,ilive-2-empty-room-20s-106.dat
0.0,0.0,43.0,0.9489919959920271,2,2743439741.4401684,9060852443.48521,-0.2398329512665617,-1.2658412900221638,no_person,ilive-2-empty-room-20s-106.dat
0.0,0.0,48.0,0.9471289930087875,2,2665905440.0181355,9217927226.03448,-0.7332034914198832,-0.7097318016838701,no_person,ilive-2-empty-room-20s-106.dat
0.0,0.0,47.0,0.893136263674291,2,4477283879.469939,11955110930.897867,-0.2973134534517792,-1.4726831142187369,no_person,ilive-2-empty-room-20s-106.dat
0.0,0.0,46.0,0.9491502117337919,1,3207080274.4332075,9058573235.703644,-0.44034827446840685,-1.1773229509570546,no_person,ilive-2-empty-room-20s-106.dat
0.0,0.0,47.0,0.9497113636666802,1,2075252796.9494555,6219782436.69741,-0.6709999519916247,-0.8396808481051394,no_person,ilive-2-empty-room-20s-106.dat
0.0,0.0,45.0,0.9355006975190624,1,3785397065.221664,12429557881.037403,-0.3755144785941273,-1.1244059130253037,no_person,ilive-2-empty-room-20s-106.dat
0.0,0.0,45.0,0.9223960417815067,1,3110070336.8456326,9418181782.207748,-0.37896538290295756,-1.206913257921335,no_person,ilive-2-empty-room-20s-106.dat
0.0,0.0,44.0,0.9326027977807821,1,3022564941.8804226,9966327794.10357,-0.3955142375023938,-1.2532208818605566,no_person,ilive-2-empty-room-20s-106.dat
